congress,congress_1,chamber,rollnumber
79,79,House,4
79,79,House,5
79,79,Senate,9
79,79,Senate,13
79,79,House,17
79,79,Senate,22
79,79,Senate,23
79,79,House,31
79,79,House,47
79,79,Senate,58
79,79,Senate,59
79,79,Senate,60
79,79,Senate,61
79,79,Senate,63
79,79,Senate,65
79,79,Senate,66
79,79.5,Senate,93
79,79.5,House,94
79,79.5,Senate,94
79,79.5,House,96
79,79.5,Senate,98
79,79.5,Senate,99
79,79.5,House,100
79,79.5,Senate,100
79,79.5,Senate,141
79,79.5,Senate,145
79,79.5,Senate,147
79,79.5,House,155
79,79.5,House,162
79,79.5,House,176
79,79.5,House,178
79,79.5,House,195
79,79.5,House,203
79,79.5,House,204
80,80,House,32
80,80,House,34
80,80,House,37
80,80,House,38
80,80,Senate,38
80,80,Senate,39
80,80,Senate,40
80,80,House,50
80,80,House,51
80,80,Senate,57
80,80,Senate,58
80,80,House,82
80,80,House,109
80,80,House,112
80,80,Senate,118
80,80,Senate,119
80,80,Senate,131
80,80,Senate,132
80,80,Senate,133
80,80,House,137
80,80,Senate,145
80,80,House,147
80,80,Senate,149
80,80,House,153
80,80,Senate,153
80,80,House,154
80,80,House,158
80,80,House,159
80,80,Senate,183
80,80,Senate,198
80,80,Senate,210
80,80,Senate,212
80,80,Senate,216
80,80,Senate,218
80,80,Senate,228
81,81,House,7
81,81,Senate,12
81,81,Senate,39
81,81,Senate,40
81,81,House,43
81,81,Senate,44
81,81,Senate,53
81,81,Senate,55
81,81,House,98
81,81,House,105
81,81,House,123
81,81,Senate,127
81,81,Senate,128
81,81,Senate,130
81,81,House,131
81,81,Senate,152
81,81,Senate,155
81,81,House,190
81,81,Senate,191
81,81,Senate,195
81,81,House,196
81,81,Senate,196
81,81,Senate,198
81,81,House,201
81,81,House,208
81,81,House,214
81,81,Senate,221
81,81,House,248
81,81,House,269
81,81,Senate,316
81,81,Senate,317
81,81,Senate,318
81,81,Senate,328
81,81,Senate,361
81,81,Senate,364
81,81,Senate,366
81,81,Senate,408
81,81,Senate,410
81,81,Senate,413
81,81,Senate,448
81,81,Senate,449
82,82,House,4
82,82,Senate,19
82,82,House,30
82,82,House,35
82,82,House,37
82,82,Senate,46
82,82,Senate,47
82,82,Senate,48
82,82,House,85
82,82,House,88
82,82,Senate,88
82,82,House,99
82,82,House,100
82,82,Senate,132
82,82,House,138
82,82,Senate,139
82,82,Senate,141
82,82,Senate,142
82,82,Senate,150
82,82,House,153
82,82,House,155
82,82,House,156
82,82,Senate,191
82,82,Senate,198
82,82,Senate,239
82,82,Senate,268
82,82,Senate,305
82,82,Senate,306
82,82,Senate,307
83,83,House,38
83,83,House,43
83,83,House,50
83,83,House,51
83,83,Senate,54
83,83,Senate,55
83,83,Senate,56
83,83,House,66
83,83,House,67
83,83,House,72
83,83,Senate,76
83,83,Senate,83
83,83,Senate,84
83,83,Senate,85
83,83,Senate,86
83,83,Senate,87
83,83,Senate,88
83,83,Senate,89
83,83,House,90
83,83,Senate,97
83,83,House,99
83,83,House,107
83,83,House,109
83,83,House,117
83,83,House,141
83,83,House,144
83,83,Senate,163
83,83,Senate,166
83,83,Senate,168
83,83,Senate,208
83,83,Senate,218
83,83,Senate,219
83,83,Senate,243
84,84,House,2
84,84,Senate,5
84,84,Senate,6
84,84,Senate,7
84,84,Senate,8
84,84,Senate,9
84,84,House,14
84,84,House,15
84,84,Senate,27
84,84,Senate,28
84,84,House,34
84,84,Senate,35
84,84,Senate,44
84,84,Senate,45
84,84,House,47
84,84,Senate,47
84,84,Senate,48
84,84,Senate,49
84,84,Senate,50
84,84,Senate,52
84,84,House,54
84,84,House,55
84,84,House,57
84,84,Senate,57
84,84,Senate,58
84,84,House,59
84,84,House,60
84,84,Senate,60
84,84,Senate,68
84,84,Senate,69
84,84,Senate,71
84,84,Senate,72
84,84,Senate,73
84,84,Senate,75
84,84,Senate,76
84,84,Senate,77
84,84,House,79
84,84,Senate,81
84,84,Senate,88
84,84,House,91
84,84,Senate,97
84,84,House,101
84,84,House,108
84,84,House,128
84,84,Senate,138
84,84,Senate,172
84,84,Senate,173
84,84,Senate,174
84,84,Senate,176
84,84,Senate,177
84,84,Senate,178
84,84,Senate,180
84,84,Senate,181
84,84,Senate,182
84,84,Senate,183
84,84,Senate,184
84,84,Senate,189
84,84,Senate,190
84,84,Senate,203
84,84,Senate,204
84,84,Senate,205
84,84,Senate,206
84,84,Senate,207
84,84,Senate,208
84,84,Senate,210
84,84,Senate,211
84,84,Senate,212
85,85,House,3
85,85,House,28
85,85,House,30
85,85,House,38
85,85,House,39
85,85,House,53
85,85,House,54
85,85,House,65
85,85,House,70
85,85,House,79
85,85,House,81
85,85,House,82
85,85,House,100
85,85,House,101
85,85,House,104
85,85,House,112
85,85,House,117
85,85,House,118
85,85,House,131
85,85,House,138
85,85,House,139
85,85,House,146
85,85,House,151
85,85,House,155
85,85,House,156
85,85,House,158
85,85,House,170
85,85,House,189
85,85,House,192
86,86,House,4
86,86,House,13
86,86,House,15
86,86,House,28
86,86,House,53
86,86,House,55
86,86,House,63
86,86,House,86
86,86,House,97
86,86,House,127
86,86,House,148
86,86,House,159
86,86,House,161
86,86,House,179
87,87,House,21
87,87,House,29
87,87,House,30
87,87,House,32
87,87,House,43
87,87,House,63
87,87,House,68
87,87,House,74
87,87,House,75
87,87,House,87
87,87,House,92
87,87,House,107
87,87,House,108
87,87,House,113
87,87,House,116
87,87,House,132
87,87,House,138
87,87,House,141
87,87,House,147
87,87,House,163
87,87,House,173
87,87,House,181
87,87,House,200
87,87,House,215
87,87,House,218
87,87,House,232
87,87,House,234
88,88,House,6
88,88,House,8
88,88,House,61
88,88,House,62
88,88,House,73
88,88,House,95
88,88,House,100
88,88,House,110
88,88,House,130
88,88,House,132
88,88,House,134
88,88,House,164
88,88,House,170
88,88,House,171
88,88,House,180
88,88,House,197
89,89,House,11
89,89,House,39
89,89,House,40
89,89,House,55
89,89,House,56
89,89,House,100
89,89,House,120
89,89,House,129
89,89,House,157
89,89,House,160
89,89,House,163
89,89,House,182
89,89,House,183
89,89,House,186
89,89,House,213
89,89,House,214
89,89,House,215
89,89,House,216
89,89,House,222
89,89,House,265
89,89,House,272
89,89,House,273
89,89,House,283
89,89,House,284
89,89,House,285
89,89,House,286
89,89,House,294
89,89,House,311
89,89,House,323
89,89,House,336
89,89,House,339
89,89,House,340
89,89,House,342
89,89,House,363
89,89,House,364
89,89,House,365
89,89,House,367
89,89,House,372
89,89,House,375
90,90,House,17
90,90,House,19
90,90,House,22
90,90,House,26
90,90,House,30
90,90,House,51
90,90,House,74
90,90,House,101
90,90,House,102
90,90,House,105
90,90,House,119
90,90,House,121
90,90,House,148
90,90,House,150
90,90,House,152
90,90,House,178
90,90,House,201
90,90,House,202
90,90,House,209
90,90,House,210
90,90,House,242
90,90,House,268
90,90,House,269
90,90,House,274
90,90,House,300
90,90,House,317
90,90,House,349
90,90,House,350
90,90,House,375
90,90,House,389
90,90,House,390
90,90,House,419
90,90,House,442
90,90,House,444
90,90,House,445
90,90,House,476
90,90,House,478
85,85,Senate,6
85,85,Senate,7
85,85,Senate,8
85,85,Senate,9
85,85,Senate,10
85,85,Senate,47
85,85,Senate,48
85,85,Senate,49
85,85,Senate,50
85,85,Senate,51
85,85,Senate,52
85,85,Senate,53
85,85,Senate,54
85,85,Senate,55
85,85,Senate,56
85,85,Senate,64
85,85,Senate,65
85,85,Senate,100
85,85,Senate,101
85,85,Senate,108
85,85,Senate,138
85,85,Senate,140
85,85,Senate,170
85,85,Senate,183
85,85,Senate,184
85,85,Senate,187
85,85,Senate,188
85,85,Senate,189
85,85,Senate,190
85,85,Senate,191
85,85,Senate,241
85,85,Senate,242
85,85,Senate,244
85,85,Senate,246
85,85,Senate,259
85,85,Senate,261
85,85,Senate,302
85,85,Senate,303
86,86,House,42
86,86,House,56
86,86,House,94
86,86,House,107
86,86,House,124
86,86,House,149
86,86,House,180
86,86,Senate,19
86,86,Senate,84
86,86,Senate,62
86,86,Senate,88
86,86,Senate,89
86,86,Senate,104
86,86,Senate,106
86,86,Senate,107
86,86,Senate,108
86,86,Senate,109
86,86,Senate,110
86,86,Senate,112
86,86,Senate,113
86,86,Senate,114
86,86,Senate,115
86,86,Senate,116
86,86,Senate,118
86,86,Senate,122
86,86,Senate,124
86,86,Senate,126
86,86,Senate,127
86,86,Senate,131
86,86,Senate,142
86,86,Senate,178
86,86,Senate,189
86,86,Senate,201
86,86,Senate,210
86,86,Senate,211
86,86,Senate,212
86,86,Senate,215
86,86,Senate,223
86,86,Senate,294
86,86,Senate,295
86,86,Senate,296
86,86,Senate,299
86,86,Senate,300
86,86,Senate,301
86,86,Senate,305
86,86,Senate,307
86,86,Senate,339
86,86,Senate,367
86,86,Senate,374
86,86,Senate,390
86,86,Senate,396
86,86,Senate,404
86,86,Senate,405
86,86,Senate,410
86,86,Senate,413
87,87,House,10
87,87,House,31
87,87,House,42
87,87,House,50
87,87,House,62
87,87,House,64
87,87,House,86
87,87,House,88
87,87,House,89
87,87,House,99
87,87,House,115
87,87,House,171
87,87,House,199
87,87,House,211
87,87,House,212
87,87,House,165
87,87,House,166
87,87,Senate,13
87,87,Senate,35
87,87,Senate,36
87,87,Senate,37
87,87,Senate,88
87,87,Senate,96
87,87,Senate,106
87,87,Senate,107
87,87,Senate,108
87,87,Senate,126
87,87,Senate,130
87,87,Senate,133
87,87,Senate,134
87,87,Senate,135
87,87,Senate,136
87,87,Senate,137
87,87,Senate,138
87,87,Senate,139
87,87,Senate,140
87,87,Senate,141
87,87,Senate,142
87,87,Senate,145
87,87,Senate,146
87,87,Senate,147
87,87,Senate,150
87,87,Senate,151
87,87,Senate,156
87,87,Senate,167
87,87,Senate,189
87,87,Senate,190
87,87,Senate,203
87,87,Senate,228
87,87,Senate,229
87,87,Senate,230
87,87,Senate,232
87,87,Senate,235
87,87,Senate,265
87,87,Senate,266
87,87,Senate,267
87,87,Senate,268
87,87,Senate,269
87,87,Senate,279
87,87,Senate,291
87,87,Senate,381
87,87,Senate,384
87,87,Senate,385
87,87,Senate,386
87,87,Senate,387
87,87,Senate,389
87,87,Senate,390
87,87,Senate,391
87,87,Senate,392
87,87,Senate,395
87,87,Senate,414
87,87,Senate,415
87,87,Senate,416
87,87,Senate,418
87,87,Senate,419
87,87,Senate,420
87,87,Senate,421
87,87,Senate,422
87,87,Senate,423
87,87,Senate,55
88,88,House,9
88,88,House,10
88,88,House,21
88,88,House,41
88,88,House,70
88,88,House,83
88,88,House,93
88,88,House,111
88,88,House,112
88,88,House,156
88,88,House,159
88,88,House,179
88,88,House,181
88,88,House,195
88,88,House,205
88,88,Senate,34
88,88,Senate,35
88,88,Senate,41
88,88,Senate,61
88,88,Senate,75
88,88,Senate,77
88,88,Senate,127
88,88,Senate,128
88,88,Senate,129
88,88,Senate,130
88,88,Senate,132
88,88,Senate,133
88,88,Senate,134
88,88,Senate,135
88,88,Senate,137
88,88,Senate,138
88,88,Senate,162
88,88,Senate,163
88,88,Senate,164
88,88,Senate,165
88,88,Senate,166
88,88,Senate,168
88,88,Senate,169
88,88,Senate,171
88,88,Senate,173
88,88,Senate,176
88,88,Senate,177
88,88,Senate,179
88,88,Senate,180
88,88,Senate,181
88,88,Senate,182
88,88,Senate,183
88,88,Senate,185
88,88,Senate,188
88,88,Senate,190
88,88,Senate,197
88,88,Senate,203
88,88,Senate,213
88,88,Senate,217
88,88,Senate,220
88,88,Senate,221
88,88,Senate,222
88,88,Senate,223
88,88,Senate,226
88,88,Senate,228
88,88,Senate,231
88,88,Senate,232
88,88,Senate,269
88,88,Senate,270
88,88,Senate,284
88,88,Senate,423
88,88,Senate,465
88,88,Senate,466
88,88,Senate,468
88,88,Senate,481
88,88,Senate,484
88,88,Senate,487
88,88,Senate,488
88,88,Senate,490
88,88,Senate,491
88,88,Senate,492
88,88,Senate,494
88,88,Senate,495
88,88,Senate,502
88,88,Senate,527
89,89,House,9
89,89,House,10
89,89,House,36
89,89,House,47
89,89,House,48
89,89,House,76
89,89,House,93
89,89,House,110
89,89,House,133
89,89,House,136
89,89,House,208
89,89,House,265
89,89,House,275
89,89,House,343
89,89,House,382
89,89,Senate,10
89,89,Senate,19
89,89,Senate,20
89,89,Senate,23
89,89,Senate,24
89,89,Senate,25
89,89,Senate,29
89,89,Senate,36
89,89,Senate,58
89,89,Senate,85
89,89,Senate,86
89,89,Senate,87
89,89,Senate,88
89,89,Senate,90
89,89,Senate,91
89,89,Senate,92
89,89,Senate,93
89,89,Senate,95
89,89,Senate,97
89,89,Senate,98
89,89,Senate,99
89,89,Senate,102
89,89,Senate,103
89,89,Senate,104
89,89,Senate,105
89,89,Senate,106
89,89,Senate,107
89,89,Senate,108
89,89,Senate,109
89,89,Senate,110
89,89,Senate,133
89,89,Senate,180
89,89,Senate,181
89,89,Senate,201
89,89,Senate,204
89,89,Senate,233
89,89,Senate,234
89,89,Senate,235
89,89,Senate,236
89,89,Senate,237
89,89,Senate,238
89,89,Senate,239
89,89,Senate,240
89,89,Senate,261
89,89,Senate,262
89,89,Senate,272
89,89,Senate,281
89,89,Senate,286
89,89,Senate,300
89,89,Senate,349
89,89,Senate,354
89,89,Senate,359
89,89,Senate,361
89,89,Senate,363
89,89,Senate,364
89,89,Senate,366
89,89,Senate,367
89,89,Senate,368
89,89,Senate,369
89,89,Senate,371
89,89,Senate,372
89,89,Senate,373
89,89,Senate,374
89,89,Senate,375
89,89,Senate,376
89,89,Senate,377
89,89,Senate,418
89,89,Senate,420
89,89,Senate,422
89,89,Senate,439
89,89,Senate,440
89,89,Senate,442
89,89,Senate,444
89,89,Senate,471
90,90,House,31
90,90,House,126
90,90,House,184
90,90,House,311
90,90,House,391
90,90,House,422
90,90,Senate,23
90,90,Senate,26
90,90,Senate,44
90,90,Senate,45
90,90,Senate,46
90,90,Senate,47
90,90,Senate,48
90,90,Senate,49
90,90,Senate,50
90,90,Senate,51
90,90,Senate,52
90,90,Senate,60
90,90,Senate,66
90,90,Senate,72
90,90,Senate,79
90,90,Senate,85
90,90,Senate,86
90,90,Senate,87
90,90,Senate,88
90,90,Senate,89
90,90,Senate,90
90,90,Senate,91
90,90,Senate,92
90,90,Senate,105
90,90,Senate,106
90,90,Senate,148
90,90,Senate,149
90,90,Senate,150
90,90,Senate,151
90,90,Senate,154
90,90,Senate,155
90,90,Senate,158
90,90,Senate,159
90,90,Senate,161
90,90,Senate,162
90,90,Senate,163
90,90,Senate,164
90,90,Senate,165
90,90,Senate,166
90,90,Senate,169
90,90,Senate,171
90,90,Senate,172
90,90,Senate,174
90,90,Senate,175
90,90,Senate,177
90,90,Senate,188
90,90,Senate,201
90,90,Senate,237
90,90,Senate,251
90,90,Senate,289
90,90,Senate,296
90,90,Senate,299
90,90,Senate,354
90,90,Senate,380
90,90,Senate,387
90,90,Senate,388
90,90,Senate,389
90,90,Senate,390
90,90,Senate,395
90,90,Senate,396
90,90,Senate,397
90,90,Senate,399
90,90,Senate,400
90,90,Senate,401
90,90,Senate,402
90,90,Senate,464
90,90,Senate,469
90,90,Senate,470
90,90,Senate,472
90,90,Senate,473
90,90,Senate,475
90,90,Senate,477
90,90,Senate,478
90,90,Senate,528
90,90,Senate,529
90,90,Senate,530
90,90,Senate,531
90,90,Senate,534
90,90,Senate,536
90,90,Senate,537
90,90,Senate,538
90,90,Senate,572
90,90,Senate,573
90,90,Senate,574
90,90,Senate,575
90,90,Senate,576
90,90,Senate,577
90,90,Senate,581
90,90,Senate,584
90,90,Senate,588
79,79,House,14
79,79,House,18
79,79,House,34
79,79,House,46
79,79,House,49
79,79,House,50
79,79.5,House,73
79,79.5,House,127
79,79.5,House,139
79,79.5,House,159
80,80,House,134
91,91,House,11
91,91,House,12
91,91,House,16
91,91,House,22
91,91,House,70
91,91,House,78
91,91,House,79
91,91,House,92
91,91,House,93
91,91,House,118
91,91,House,126
91,91,House,128
91,91,House,135
91,91,House,136
91,91,House,145
91,91,House,146
91,91,House,147
91,91,House,148
91,91,House,171
91,91,House,210
91,91,House,229
91,91,House,223
91,91,House,233
91,91,House,242
91,91,House,248
91,91,House,261
91,91,House,269
91,91,House,288
91,91,House,289
91,91,House,293
91,91,House,294
91,91,House,302
91,91,House,368
91,91,House,369
91,91,House,376
91,91,House,400
91,91,House,426
91,91,House,427
91,91,House,428
91,91,Senate,10
91,91,Senate,11
91,91,Senate,12
91,91,Senate,13
91,91,Senate,14
91,91,Senate,15
91,91,Senate,16
91,91,Senate,22
91,91,Senate,26
91,91,Senate,38
91,91,Senate,41
91,91,Senate,42
91,91,Senate,53
91,91,Senate,67
91,91,Senate,69
91,91,Senate,72
91,91,Senate,74
91,91,Senate,76
91,91,Senate,78
91,91,Senate,80
91,91,Senate,81
91,91,Senate,83
91,91,Senate,110
91,91,Senate,117
91,91,Senate,118
91,91,Senate,129
91,91,Senate,167
91,91,Senate,201
91,91,Senate,202
91,91,Senate,203
91,91,Senate,204
91,91,Senate,205
91,91,Senate,209
91,91,Senate,210
91,91,Senate,217
91,91,Senate,228
91,91,Senate,229
91,91,Senate,230
91,91,Senate,243
91,91,Senate,309
91,91,Senate,343
91,91,Senate,344
91,91,Senate,363
91,91,Senate,371
91,91,Senate,373
91,91,Senate,379
91,91,Senate,380
91,91,Senate,381
91,91,Senate,383
91,91,Senate,384
91,91,Senate,386
91,91,Senate,387
91,91,Senate,389
91,91,Senate,390
91,91,Senate,391
91,91,Senate,398
91,91,Senate,411
91,91,Senate,412
91,91,Senate,413
91,91,Senate,420
91,91,Senate,425
91,91,Senate,426
91,91,Senate,467
91,91,Senate,468
91,91,Senate,482
91,91,Senate,483
91,91,Senate,485
91,91,Senate,487
91,91,Senate,493
91,91,Senate,495
91,91,Senate,496
91,91,Senate,497
91,91,Senate,498
91,91,Senate,499
91,91,Senate,501
91,91,Senate,503
91,91,Senate,504
91,91,Senate,507
91,91,Senate,554
91,91,Senate,556
91,91,Senate,557
91,91,Senate,614
91,91,Senate,629
91,91,Senate,642
91,91,Senate,643
91,91,Senate,649
91,91,Senate,666
91,91,House,79
91,91,House,90
91,91,House,91
91,91,House,118
91,91,House,126
91,91,House,128
91,91,House,344
91,91,House,365
92,92,Senate,3
92,92,Senate,32
92,92,Senate,48
92,92,Senate,49
92,92,Senate,50
92,92,Senate,51
92,92,Senate,52
92,92,Senate,53
92,92,Senate,61
92,92,Senate,62
92,92,Senate,64
92,92,Senate,67
92,92,Senate,68
92,92,Senate,69
92,92,Senate,73
92,92,Senate,74
92,92,Senate,75
92,92,Senate,76
92,92,Senate,78
92,92,Senate,83
92,92,Senate,82
92,92,Senate,84
92,92,Senate,87
92,92,Senate,89
92,92,Senate,90
92,92,Senate,96
92,92,Senate,100
92,92,Senate,101
92,92,Senate,107
92,92,Senate,108
92,92,Senate,109
92,92,Senate,111
92,92,Senate,113
92,92,Senate,119
92,92,Senate,152
92,92,Senate,173
92,92,Senate,174
92,92,Senate,175
92,92,Senate,200
92,92,Senate,202
92,92,Senate,203
92,92,Senate,206
92,92,Senate,207
92,92,Senate,208
92,92,Senate,210
92,92,Senate,213
92,92,Senate,214
92,92,Senate,215
92,92,Senate,216
92,92,Senate,217
92,92,Senate,218
92,92,Senate,219
92,92,Senate,225
92,92,Senate,226
92,92,Senate,228
92,92,Senate,229
92,92,Senate,232
92,92,Senate,238
92,92,Senate,239
92,92,Senate,240
92,92,Senate,241
92,92,Senate,242
92,92,Senate,243
92,92,Senate,244
92,92,Senate,247
92,92,Senate,250
92,92,Senate,251
92,92,Senate,252
92,92,Senate,253
92,92,Senate,254
92,92,Senate,255
92,92,Senate,256
92,92,Senate,262
92,92,Senate,271
92,92,Senate,272
92,92,Senate,273
92,92,Senate,274
92,92,Senate,275
92,92,Senate,276
92,92,Senate,277
92,92,Senate,278
92,92,Senate,279
92,92,Senate,310
92,92,Senate,360
92,92,Senate,361
92,92,Senate,362
92,92,Senate,363
92,92,Senate,364
92,92,Senate,365
92,92,Senate,445
92,92,Senate,446
92,92,Senate,450
92,92,Senate,453
92,92,Senate,460
92,92,Senate,539
92,92,Senate,547
92,92,Senate,552
92,92,Senate,553
92,92,Senate,554
92,92,Senate,556
92,92,Senate,558
92,92,Senate,573
92,92,Senate,577
92,92,Senate,582
92,92,Senate,595
92,92,Senate,597
92,92,Senate,598
92,92,Senate,605
92,92,Senate,607
92,92,Senate,608
92,92,Senate,612
92,92,Senate,613
92,92,Senate,623
92,92,Senate,629
92,92,Senate,650
92,92,Senate,675
92,92,Senate,705
92,92,Senate,706
92,92,Senate,707
92,92,Senate,708
92,92,Senate,714
92,92,Senate,718
92,92,Senate,721
92,92,Senate,722
92,92,Senate,723
92,92,Senate,728
92,92,Senate,731
92,92,Senate,735
92,92,Senate,740
92,92,Senate,742
92,92,Senate,750
92,92,Senate,860
92,92,Senate,861
92,92,Senate,863
92,92,Senate,872
92,92,Senate,882
92,92,Senate,883
92,92,Senate,884
92,92,Senate,885
92,92,Senate,891
92,92,House,21
92,92,House,22
92,92,House,24
92,92,House,25
92,92,House,26
92,92,House,27
92,92,House,83
92,92,House,84
92,92,House,85
92,92,House,86
92,92,House,89
92,92,House,91
92,92,House,92
92,92,House,104
92,92,House,107
92,92,House,118
92,92,House,119
92,92,House,133
92,92,House,159
92,92,House,160
92,92,House,178
92,92,House,205
92,92,House,212
92,92,House,254
92,92,House,255
92,92,House,267
92,92,House,270
92,92,House,271
92,92,House,272
92,92,House,273
92,92,House,277
92,92,House,292
92,92,House,298
92,92,House,299
92,92,House,320
92,92,House,323
92,92,House,328
92,92,House,329
92,92,House,330
92,92,House,331
92,92,House,351
92,92,House,370
92,92,House,387
92,92,House,407
92,92,House,424
92,92,House,425
92,92,House,475
92,92,House,476
92,92,House,477
92,92,House,478
92,92,House,479
92,92,House,510
92,92,House,541
92,92,House,542
92,92,House,543
92,92,House,544
92,92,House,545
92,92,House,566
92,92,House,583
92,92,House,584
92,92,House,591
92,92,House,593
92,92,House,594
93,93,House,35
93,93,House,36
93,93,House,38
93,93,House,47
93,93,House,89
93,93,House,93
93,93,House,94
93,93,House,95
93,93,House,96
93,93,House,201
93,93,House,219
93,93,House,220
93,93,House,247
93,93,House,249
93,93,House,278
93,93,House,279
93,93,House,280
93,93,House,282
93,93,House,283
93,93,House,284
93,93,House,289
93,93,House,290
93,93,House,291
93,93,House,292
93,93,House,293
93,93,House,294
93,93,House,295
93,93,House,362
93,93,House,369
93,93,House,370
93,93,House,381
93,93,House,382
93,93,House,410
93,93,House,412
93,93,House,427
93,93,House,447
93,93,House,453
93,93,House,454
93,93,House,472
93,93,House,475
93,93,House,477
93,93,House,478
93,93,House,479
93,93,House,481
93,93,House,509
93,93,House,510
93,93,House,528
93,93,House,545
93,93,House,606
93,93,House,620
93,93,House,636
93,93,House,637
93,93,House,689
93,93,House,697
93,93,House,699
93,93,House,700
93,93,House,701
93,93,House,702
93,93,House,722
93,93,House,743
93,93,House,791
93,93,House,795
93,93,House,796
93,93,House,844
93,93,House,857
93,93,House,858
93,93,House,859
93,93,House,861
93,93,House,862
93,93,House,863
93,93,House,864
93,93,House,878
93,93,House,879
93,93,House,914
93,93,House,915
93,93,House,916
93,93,House,917
93,93,House,933
93,93,House,997
93,93,House,998
93,93,House,1003
93,93,House,1017
93,93,House,1028
93,93,House,1032
93,93,House,1033
93,93,House,1034
93,93,House,1035
93,93,House,1036
93,93,House,1038
93,93,Senate,56
93,93,Senate,147
93,93,Senate,149
93,93,Senate,151
93,93,Senate,152
93,93,Senate,153
93,93,Senate,154
93,93,Senate,170
93,93,Senate,183
93,93,Senate,185
93,93,Senate,189
93,93,Senate,190
93,93,Senate,207
93,93,Senate,213
93,93,Senate,215
93,93,Senate,216
93,93,Senate,217
93,93,Senate,219
93,93,Senate,220
93,93,Senate,221
93,93,Senate,222
93,93,Senate,223
93,93,Senate,224
93,93,Senate,225
93,93,Senate,226
93,93,Senate,223
93,93,Senate,252
93,93,Senate,253
93,93,Senate,301
93,93,Senate,303
93,93,Senate,366
93,93,Senate,369
93,93,Senate,385
93,93,Senate,392
93,93,Senate,395
93,93,Senate,396
93,93,Senate,397
93,93,Senate,400
93,93,Senate,404
93,93,Senate,405
93,93,Senate,409
93,93,Senate,411
93,93,Senate,412
93,93,Senate,413
93,93,Senate,414
93,93,Senate,415
93,93,Senate,416
93,93,Senate,417
93,93,Senate,418
93,93,Senate,421
93,93,Senate,425
93,93,Senate,427
93,93,Senate,433
93,93,Senate,434
93,93,Senate,435
93,93,Senate,436
93,93,Senate,437
93,93,Senate,438
93,93,Senate,439
93,93,Senate,441
93,93,Senate,451
93,93,Senate,452
93,93,Senate,459
93,93,Senate,462
93,93,Senate,494
93,93,Senate,558
93,93,Senate,560
93,93,Senate,566
93,93,Senate,567
93,93,Senate,587
93,93,Senate,615
93,93,Senate,623
93,93,Senate,633
93,93,Senate,634
93,93,Senate,758
93,93,Senate,765
93,93,Senate,766
93,93,Senate,804
93,93,Senate,813
93,93,Senate,817
93,93,Senate,819
93,93,Senate,825
93,93,Senate,827
93,93,Senate,828
93,93,Senate,830
93,93,Senate,832
93,93,Senate,833
93,93,Senate,855
93,93,Senate,876
93,93,Senate,921
93,93,Senate,949
93,93,Senate,950
93,93,Senate,951
93,93,Senate,952
93,93,Senate,953
93,93,Senate,965
93,93,Senate,990
93,93,Senate,993
93,93,Senate,1005
93,93,Senate,1006
93,93,Senate,1007
93,93,Senate,1008
93,93,Senate,1009
93,93,Senate,1011
93,93,Senate,1012
93,93,Senate,1013
93,93,Senate,1014
93,93,Senate,1015
93,93,Senate,1016
93,93,Senate,1017
93,93,Senate,1018
93,93,Senate,1019
93,93,Senate,1020
93,93,Senate,1086
93,93,Senate,1087
93,93,Senate,1088
93,93,Senate,1089
93,93,Senate,1090
93,93,Senate,1099
93,93,Senate,1105
93,93,Senate,1109
94,94,House,30
94,94,House,58
94,94,House,92
94,94,House,94
94,94,House,95
94,94,House,97
94,94,House,100
94,94,House,102
94,94,House,108
94,94,House,155
94,94,House,159
94,94,House,161
94,94,House,164
94,94,House,165
94,94,House,166
94,94,House,169
94,94,House,170
94,94,House,171
94,94,House,199
94,94,House,238
94,94,House,248
94,94,House,249
94,94,House,264
94,94,House,273
94,94,House,274
94,94,House,318
94,94,House,327
94,94,House,332
94,94,House,382
94,94,House,383
94,94,House,384
94,94,House,409
94,94,House,410
94,94,House,419
94,94,House,423
94,94,House,425
94,94,House,429
94,94,House,431
94,94,House,433
94,94,House,448
94,94,House,449
94,94,House,450
94,94,House,511
94,94,House,522
94,94,House,561
94,94,House,562
94,94,House,626
94,94,House,667
94,94,House,699
94,94,House,671
94,94,House,672
94,94,House,673
94,94,House,674
94,94,House,675
94,94,House,676
94,94,House,694
94,94,House,695
94,94,House,705
94,94,House,712
94,94,House,735
94,94,House,743
94,94,House,744
94,94,House,742
94,94,House,746
94,94,House,748
94,94,House,811
94,94,House,819
94,94,House,820
94,94,House,848
94,94,House,849
94,94,House,898
94,94,House,900
94,94,House,901
94,94,House,905
94,94,House,906
94,94,House,910
94,94,House,926
94,94,House,929
94,94,House,930
94,94,House,953
94,94,House,967
94,94,House,968
94,94,House,970
94,94,House,971
94,94,House,1028
94,94,House,1164
94,94,House,1207
94,94,House,1224
94,94,House,1225
94,94,House,1226
94,94,Senate,11
94,94,Senate,12
94,94,Senate,13
94,94,Senate,66
94,94,Senate,67
94,94,Senate,75
94,94,Senate,76
94,94,Senate,77
94,94,Senate,142
94,94,Senate,143
94,94,Senate,145
94,94,Senate,152
94,94,Senate,162
94,94,Senate,168
94,94,Senate,185
94,94,Senate,186
94,94,Senate,187
94,94,Senate,190
94,94,Senate,195
94,94,Senate,199
94,94,Senate,200
94,94,Senate,202
94,94,Senate,204
94,94,Senate,205
94,94,Senate,206
94,94,Senate,207
94,94,Senate,208
94,94,Senate,209
94,94,Senate,213
94,94,Senate,214
94,94,Senate,330
94,94,Senate,340
94,94,Senate,372
94,94,Senate,373
94,94,Senate,393
94,94,Senate,394
94,94,Senate,435
94,94,Senate,436
94,94,Senate,438
94,94,Senate,440
94,94,Senate,441
94,94,Senate,467
94,94,Senate,473
94,94,Senate,474
94,94,Senate,475
94,94,Senate,479
94,94,Senate,483
94,94,Senate,484
94,94,Senate,487
94,94,Senate,490
94,94,Senate,499
94,94,Senate,504
94,94,Senate,505
94,94,Senate,531
94,94,Senate,590
94,94,Senate,605
94,94,Senate,610
94,94,Senate,611
94,94,Senate,620
94,94,Senate,625
94,94,Senate,642
94,94,Senate,646
94,94,Senate,647
94,94,Senate,655
94,94,Senate,700
94,94,Senate,701
94,94,Senate,716
94,94,Senate,756
94,94,Senate,780
94,94,Senate,794
94,94,Senate,795
94,94,Senate,796
94,94,Senate,802
94,94,Senate,805
94,94,Senate,806
94,94,Senate,809
94,94,Senate,811
94,94,Senate,820
94,94,Senate,821
94,94,Senate,888
94,94,Senate,890
94,94,Senate,919
94,94,Senate,920
94,94,Senate,1063
94,94,Senate,1064
94,94,Senate,1119
94,94,Senate,1120
94,94,Senate,1122
94,94,Senate,1189
94,94,Senate,1190
94,94,Senate,1209
94,94,Senate,1212
95,95,House,33
95,95,House,34
95,95,House,56
95,95,House,57
95,95,House,58
95,95,House,67
95,95,House,87
95,95,House,107
95,95,House,113
95,95,House,115
95,95,House,116
95,95,House,121
95,95,House,122
95,95,House,127
95,95,House,129
95,95,House,132
95,95,House,137
95,95,House,138
95,95,House,163
95,95,House,167
95,95,House,168
95,95,House,170
95,95,House,173
95,95,House,177
95,95,House,178
95,95,House,179
95,95,House,180
95,95,House,182
95,95,House,204
95,95,House,205
95,95,House,208
95,95,House,237
95,95,House,253
95,95,House,254
95,95,House,255
95,95,House,257
95,95,House,258
95,95,House,259
95,95,House,269
95,95,House,273
95,95,House,288
95,95,House,332
95,95,House,333
95,95,House,334
95,95,House,335
95,95,House,336
95,95,House,337
95,95,House,338
95,95,House,342
95,95,House,343
95,95,House,344
95,95,House,347
95,95,House,348
95,95,House,349
95,95,House,350
95,95,House,361
95,95,House,362
95,95,House,369
95,95,House,373
95,95,House,484
95,95,House,487
95,95,House,488
95,95,House,560
95,95,House,562
95,95,House,563
95,95,House,597
95,95,House,614
95,95,House,615
95,95,House,625
95,95,House,627
95,95,House,662
95,95,House,673
95,95,House,692
95,95,House,763
95,95,House,764
95,95,House,767
95,95,House,770
95,95,House,894
95,95,House,914
95,95,House,915
95,95,House,917
95,95,House,919
95,95,House,937
95,95,House,938
95,95,House,957
95,95,House,964
95,95,House,966
95,95,House,971
95,95,House,972
95,95,House,984
95,95,House,1003
95,95,House,1005
95,95,House,1019
95,95,House,1020
95,95,House,1021
95,95,House,1022
95,95,House,1023
95,95,House,1024
95,95,House,1025
95,95,House,1026
95,95,House,1032
95,95,House,1035
95,95,House,1037
95,95,House,1038
95,95,House,1039
95,95,House,1047
95,95,House,1048
95,95,House,1050
95,95,House,1063
95,95,House,1065
95,95,House,1081
95,95,House,1108
95,95,House,1111
95,95,House,1124
95,95,House,1143
95,95,House,1149
95,95,House,1171
95,95,House,1172
95,95,House,1237
95,95,House,1238
95,95,House,1239
95,95,House,1240
95,95,House,1241
95,95,House,1248
95,95,House,1249
95,95,House,1250
95,95,House,1254
95,95,House,1256
95,95,House,1258
95,95,House,1260
95,95,House,1261
95,95,House,1262
95,95,House,1263
95,95,House,1264
95,95,House,1266
95,95,House,1267
95,95,House,1269
95,95,House,1270
95,95,House,1271
95,95,House,1272
95,95,House,1273
95,95,House,1275
95,95,House,1278
95,95,House,1279
95,95,House,1280
95,95,House,1282
95,95,House,1283
95,95,House,1285
95,95,House,1287
95,95,House,1288
95,95,House,1291
95,95,House,1316
95,95,House,1319
95,95,House,1320
95,95,House,1321
95,95,House,1322
95,95,House,1323
95,95,House,1346
95,95,House,1347
95,95,House,1348
95,95,House,1350
95,95,House,1351
95,95,House,1352
95,95,House,1353
95,95,House,1354
95,95,House,1437
95,95,House,1461
95,95,House,1476
95,95,House,1507
95,95,Senate,50
95,95,Senate,51
95,95,Senate,52
95,95,Senate,53
95,95,Senate,55
95,95,Senate,56
95,95,Senate,57
95,95,Senate,58
95,95,Senate,59
95,95,Senate,143
95,95,Senate,144
95,95,Senate,196
95,95,Senate,197
95,95,Senate,200
95,95,Senate,202
95,95,Senate,203
95,95,Senate,204
95,95,Senate,206
95,95,Senate,207
95,95,Senate,208
95,95,Senate,209
95,95,Senate,210
95,95,Senate,211
95,95,Senate,213
95,95,Senate,218
95,95,Senate,219
95,95,Senate,257
95,95,Senate,297
95,95,Senate,298
95,95,Senate,301
95,95,Senate,304
95,95,Senate,306
95,95,Senate,308
95,95,Senate,316
95,95,Senate,324
95,95,Senate,339
95,95,Senate,341
95,95,Senate,343
95,95,Senate,344
95,95,Senate,345
95,95,Senate,346
95,95,Senate,514
95,95,Senate,550
95,95,Senate,676
95,95,Senate,682
95,95,Senate,685
95,95,Senate,702
95,95,Senate,741
95,95,Senate,744
95,95,Senate,752
95,95,Senate,755
95,95,Senate,766
95,95,Senate,767
95,95,Senate,775
95,95,Senate,797
95,95,Senate,805
95,95,Senate,806
95,95,Senate,811
95,95,Senate,812
95,95,Senate,813
95,95,Senate,814
95,95,Senate,822
95,95,Senate,827
95,95,Senate,828
95,95,Senate,834
95,95,Senate,835
95,95,Senate,836
95,95,Senate,837
95,95,Senate,839
95,95,Senate,880
95,95,Senate,884
95,95,Senate,885
95,95,Senate,886
95,95,Senate,888
95,95,Senate,889
95,95,Senate,890
95,95,Senate,896
95,95,Senate,897
95,95,Senate,901
95,95,Senate,903
95,95,Senate,905
95,95,Senate,907
95,95,Senate,908
95,95,Senate,913
95,95,Senate,914
95,95,Senate,926
95,95,Senate,927
95,95,Senate,944
95,95,Senate,1007
95,95,Senate,1021
95,95,Senate,1025
95,95,Senate,1026
95,95,Senate,1028
95,95,Senate,1029
95,95,Senate,1030
95,95,Senate,1031
95,95,Senate,1032
95,95,Senate,1039
95,95,Senate,1042
95,95,Senate,1071
95,95,Senate,1080
95,95,Senate,1081
96,96,House,23
96,96,House,24
96,96,House,25
96,96,House,26
96,96,House,27
96,96,House,28
96,96,House,29
96,96,House,30
96,96,House,31
96,96,House,32
96,96,House,33
96,96,House,34
96,96,House,46
96,96,House,60
96,96,House,61
96,96,House,67
96,96,House,68
96,96,House,69
96,96,House,70
96,96,House,72
96,96,House,73
96,96,House,74
96,96,House,75
96,96,House,76
96,96,House,78
96,96,House,79
96,96,House,80
96,96,House,81
96,96,House,83
96,96,House,85
96,96,House,86
96,96,House,87
96,96,House,89
96,96,House,91
96,96,House,99
96,96,House,131
96,96,House,160
96,96,House,161
96,96,House,162
96,96,House,163
96,96,House,183
96,96,House,229
96,96,House,234
96,96,House,242
96,96,House,251
96,96,House,252
96,96,House,262
96,96,House,283
96,96,House,285
96,96,House,286
96,96,House,291
96,96,House,294
96,96,House,295
96,96,House,299
96,96,House,300
96,96,House,318
96,96,House,319
96,96,House,320
96,96,House,321
96,96,House,322
96,96,House,323
96,96,House,325
96,96,House,332
96,96,House,353
96,96,House,396
96,96,House,397
96,96,House,398
96,96,House,399
96,96,House,400
96,96,House,402
96,96,House,403
96,96,House,404
96,96,House,405
96,96,House,406
96,96,House,412
96,96,House,419
96,96,House,420
96,96,House,421
96,96,House,424
96,96,House,425
96,96,House,426
96,96,House,428
96,96,House,429
96,96,House,441
96,96,House,457
96,96,House,458
96,96,House,462
96,96,House,473
96,96,House,474
96,96,House,534
96,96,House,542
96,96,House,543
96,96,House,595
96,96,House,669
96,96,House,670
96,96,House,675
96,96,House,677
96,96,House,727
96,96,House,737
96,96,House,738
96,96,House,740
96,96,House,741
96,96,House,748
96,96,House,749
96,96,House,774
96,96,House,781
96,96,House,783
96,96,House,841
96,96,House,842
96,96,House,843
96,96,House,844
96,96,House,847
96,96,House,883
96,96,House,884
96,96,House,887
96,96,House,897
96,96,House,898
96,96,House,909
96,96,House,910
96,96,House,939
96,96,House,940
96,96,House,941
96,96,House,942
96,96,House,943
96,96,House,944
96,96,House,980
96,96,House,995
96,96,House,996
96,96,House,1000
96,96,House,1012
96,96,House,1016
96,96,House,1022
96,96,House,1031
96,96,House,1033
96,96,House,1063
96,96,House,1068
96,96,House,1070
96,96,House,1136
96,96,House,1146
96,96,House,1152
96,96,House,1154
96,96,House,1156
96,96,House,1161
96,96,House,1164
96,96,House,1168
96,96,House,1195
96,96,House,1196
96,96,House,1211
96,96,House,1233
96,96,House,1244
96,96,Senate,13
96,96,Senate,14
96,96,Senate,15
96,96,Senate,17
96,96,Senate,31
96,96,Senate,46
96,96,Senate,48
96,96,Senate,54
96,96,Senate,80
96,96,Senate,81
96,96,Senate,87
96,96,Senate,88
96,96,Senate,90
96,96,Senate,91
96,96,Senate,92
96,96,Senate,93
96,96,Senate,94
96,96,Senate,95
96,96,Senate,101
96,96,Senate,103
96,96,Senate,104
96,96,Senate,106
96,96,Senate,107
96,96,Senate,108
96,96,Senate,121
96,96,Senate,125
96,96,Senate,126
96,96,Senate,127
96,96,Senate,136
96,96,Senate,137
96,96,Senate,143
96,96,Senate,154
96,96,Senate,212
96,96,Senate,221
96,96,Senate,224
96,96,Senate,226
96,96,Senate,242
96,96,Senate,262
96,96,Senate,293
96,96,Senate,294
96,96,Senate,336
96,96,Senate,337
96,96,Senate,338
96,96,Senate,339
96,96,Senate,340
96,96,Senate,341
96,96,Senate,347
96,96,Senate,349
96,96,Senate,350
96,96,Senate,351
96,96,Senate,385
96,96,Senate,396
96,96,Senate,397
96,96,Senate,399
96,96,Senate,400
96,96,Senate,401
96,96,Senate,413
96,96,Senate,433
96,96,Senate,435
96,96,Senate,446
96,96,Senate,455
96,96,Senate,521
96,96,Senate,523
96,96,Senate,525
96,96,Senate,611
96,96,Senate,612
96,96,Senate,621
96,96,Senate,630
96,96,Senate,644
96,96,Senate,658
96,96,Senate,659
96,96,Senate,718
96,96,Senate,719
96,96,Senate,720
96,96,Senate,723
96,96,Senate,724
96,96,Senate,726
96,96,Senate,783
96,96,Senate,794
96,96,Senate,798
96,96,Senate,802
96,96,Senate,803
96,96,Senate,807
96,96,Senate,810
96,96,Senate,914
96,96,Senate,915
96,96,Senate,916
96,96,Senate,917
96,96,Senate,921
96,96,Senate,928
96,96,Senate,959
96,96,Senate,987
96,96,Senate,989
96,96,Senate,990
96,96,Senate,991
96,96,Senate,1009
96,96,Senate,1047
97,97,House,24
97,97,House,32
97,97,House,33
97,97,House,34
97,97,House,38
97,97,House,55
97,97,House,57
97,97,House,66
97,97,House,69
97,97,House,86
97,97,House,108
97,97,House,109
97,97,House,110
97,97,House,111
97,97,House,112
97,97,House,115
97,97,House,124
97,97,House,125
97,97,House,126
97,97,House,128
97,97,House,129
97,97,House,131
97,97,House,133
97,97,House,157
97,97,House,168
97,97,House,193
97,97,House,195
97,97,House,198
97,97,House,199
97,97,House,205
97,97,House,206
97,97,House,207
97,97,House,213
97,97,House,237
97,97,House,238
97,97,House,243
97,97,House,255
97,97,House,272
97,97,House,274
97,97,House,292
97,97,House,294
97,97,House,298
97,97,House,299
97,97,House,300
97,97,House,301
97,97,House,302
97,97,House,303
97,97,House,309
97,97,House,323
97,97,House,324
97,97,House,325
97,97,House,326
97,97,House,327
97,97,House,336
97,97,House,337
97,97,House,341
97,97,House,342
97,97,House,345
97,97,House,348
97,97,House,355
97,97,House,362
97,97,House,383
97,97,House,419
97,97,House,428
97,97,House,447
97,97,House,457
97,97,House,459
97,97,House,478
97,97,House,498
97,97,House,507
97,97,House,513
97,97,House,525
97,97,House,531
97,97,House,535
97,97,House,536
97,97,House,537
97,97,House,538
97,97,House,539
97,97,House,541
97,97,House,542
97,97,House,543
97,97,House,544
97,97,House,545
97,97,House,549
97,97,House,550
97,97,House,551
97,97,House,555
97,97,House,564
97,97,House,568
97,97,House,569
97,97,House,572
97,97,House,573
97,97,House,574
97,97,House,579
97,97,House,589
97,97,House,592
97,97,House,603
97,97,House,607
97,97,House,608
97,97,House,609
97,97,House,634
97,97,House,643
97,97,House,644
97,97,House,699
97,97,House,707
97,97,House,708
97,97,House,751
97,97,House,752
97,97,House,753
97,97,House,778
97,97,House,800
97,97,Senate,36
97,97,Senate,37
97,97,Senate,46
97,97,Senate,48
97,97,Senate,51
97,97,Senate,52
97,97,Senate,66
97,97,Senate,78
97,97,Senate,79
97,97,Senate,85
97,97,Senate,86
97,97,Senate,87
97,97,Senate,101
97,97,Senate,108
97,97,Senate,113
97,97,Senate,115
97,97,Senate,119
97,97,Senate,125
97,97,Senate,128
97,97,Senate,130
97,97,Senate,156
97,97,Senate,158
97,97,Senate,200
97,97,Senate,242
97,97,Senate,243
97,97,Senate,244
97,97,Senate,277
97,97,Senate,278
97,97,Senate,279
97,97,Senate,299
97,97,Senate,300
97,97,Senate,318
97,97,Senate,319
97,97,Senate,320
97,97,Senate,324
97,97,Senate,325
97,97,Senate,327
97,97,Senate,328
97,97,Senate,329
97,97,Senate,330
97,97,Senate,338
97,97,Senate,357
97,97,Senate,358
97,97,Senate,368
97,97,Senate,369
97,97,Senate,374
97,97,Senate,381
97,97,Senate,383
97,97,Senate,384
97,97,Senate,386
97,97,Senate,388
97,97,Senate,400
97,97,Senate,401
97,97,Senate,419
97,97,Senate,428
97,97,Senate,429
97,97,Senate,433
97,97,Senate,434
97,97,Senate,443
97,97,Senate,445
97,97,Senate,447
97,97,Senate,448
97,97,Senate,450
97,97,Senate,455
97,97,Senate,456
97,97,Senate,485
97,97,Senate,488
97,97,Senate,495
97,97,Senate,553
97,97,Senate,582
97,97,Senate,589
97,97,Senate,595
97,97,Senate,596
97,97,Senate,603
97,97,Senate,604
97,97,Senate,605
97,97,Senate,607
97,97,Senate,608
97,97,Senate,609
97,97,Senate,610
97,97,Senate,617
97,97,Senate,622
97,97,Senate,625
97,97,Senate,644
97,97,Senate,649
97,97,Senate,701
97,97,Senate,702
97,97,Senate,771
97,97,Senate,800
97,97,Senate,801
97,97,Senate,802
97,97,Senate,804
97,97,Senate,807
97,97,Senate,867
97,97,Senate,871
97,97,Senate,919
97,97,Senate,921
97,97,Senate,936
97,97,Senate,937
97,97,Senate,938
97,97,Senate,939
97,97,Senate,942
97,97,Senate,945
97,97,Senate,950
98,98,House,25
98,98,House,26
98,98,House,27
98,98,House,28
98,98,House,49
98,98,House,50
98,98,House,76
98,98,House,79
98,98,House,80
98,98,House,82
98,98,House,83
98,98,House,114
98,98,House,123
98,98,House,128
98,98,House,133
98,98,House,145
98,98,House,173
98,98,House,174
98,98,House,175
98,98,House,180
98,98,House,181
98,98,House,182
98,98,House,184
98,98,House,185
98,98,House,186
98,98,House,187
98,98,House,191
98,98,House,192
98,98,House,236
98,98,House,237
98,98,House,247
98,98,House,248
98,98,House,250
98,98,House,251
98,98,House,255
98,98,House,256
98,98,House,257
98,98,House,258
98,98,House,259
98,98,House,261
98,98,House,264
98,98,House,265
98,98,House,266
98,98,House,267
98,98,House,268
98,98,House,269
98,98,House,270
98,98,House,274
98,98,House,275
98,98,House,276
98,98,House,277
98,98,House,279
98,98,House,301
98,98,House,302
98,98,House,303
98,98,House,304
98,98,House,337
98,98,House,340
98,98,House,341
98,98,House,342
98,98,House,350
98,98,House,353
98,98,House,359
98,98,House,368
98,98,House,369
98,98,House,370
98,98,House,372
98,98,House,373
98,98,House,374
98,98,House,377
98,98,House,378
98,98,House,379
98,98,House,391
98,98,House,392
98,98,House,393
98,98,House,398
98,98,House,403
98,98,House,407
98,98,House,408
98,98,House,409
98,98,House,411
98,98,House,413
98,98,House,426
98,98,House,471
98,98,House,486
98,98,House,493
98,98,House,496
98,98,House,530
98,98,House,550
98,98,House,551
98,98,House,565
98,98,House,566
98,98,House,574
98,98,House,575
98,98,House,576
98,98,House,595
98,98,House,596
98,98,House,617
98,98,House,619
98,98,House,620
98,98,House,622
98,98,House,623
98,98,House,624
98,98,House,625
98,98,House,631
98,98,House,632
98,98,House,633
98,98,House,634
98,98,House,635
98,98,House,645
98,98,House,646
98,98,House,647
98,98,House,650
98,98,House,651
98,98,House,652
98,98,House,653
98,98,House,654
98,98,House,659
98,98,House,660
98,98,House,661
98,98,House,672
98,98,House,675
98,98,House,676
98,98,House,677
98,98,House,681
98,98,House,682
98,98,House,733
98,98,House,751
98,98,House,752
98,98,House,753
98,98,House,804
98,98,House,813
98,98,House,827
98,98,House,865
98,98,House,903
98,98,House,904
98,98,Senate,31
98,98,Senate,63
98,98,Senate,79
98,98,Senate,80
98,98,Senate,81
98,98,Senate,82
98,98,Senate,84
98,98,Senate,111
98,98,Senate,113
98,98,Senate,114
98,98,Senate,116
98,98,Senate,117
98,98,Senate,118
98,98,Senate,120
98,98,Senate,121
98,98,Senate,125
98,98,Senate,126
98,98,Senate,131
98,98,Senate,132
98,98,Senate,159
98,98,Senate,160
98,98,Senate,174
98,98,Senate,178
98,98,Senate,181
98,98,Senate,184
98,98,Senate,186
98,98,Senate,190
98,98,Senate,193
98,98,Senate,198
98,98,Senate,214
98,98,Senate,215
98,98,Senate,216
98,98,Senate,217
98,98,Senate,225
98,98,Senate,239
98,98,Senate,258
98,98,Senate,259
98,98,Senate,261
98,98,Senate,264
98,98,Senate,294
98,98,Senate,295
98,98,Senate,300
98,98,Senate,314
98,98,Senate,315
98,98,Senate,317
98,98,Senate,325
98,98,Senate,327
98,98,Senate,328
98,98,Senate,329
98,98,Senate,333
98,98,Senate,334
98,98,Senate,344
98,98,Senate,363
98,98,Senate,389
98,98,Senate,412
98,98,Senate,413
98,98,Senate,414
98,98,Senate,415
98,98,Senate,417
98,98,Senate,418
98,98,Senate,419
98,98,Senate,420
98,98,Senate,421
98,98,Senate,422
98,98,Senate,424
98,98,Senate,425
98,98,Senate,427
98,98,Senate,485
98,98,Senate,486
98,98,Senate,487
98,98,Senate,490
98,98,Senate,498
98,98,Senate,502
98,98,Senate,503
98,98,Senate,509
98,98,Senate,511
98,98,Senate,512
98,98,Senate,513
98,98,Senate,517
98,98,Senate,519
98,98,Senate,521
98,98,Senate,522
98,98,Senate,523
98,98,Senate,527
98,98,Senate,556
98,98,Senate,586
98,98,Senate,587
98,98,Senate,595
98,98,Senate,615
98,98,Senate,637
98,98,Senate,638
98,98,Senate,639
98,98,Senate,640
98,98,Senate,641
98,98,Senate,642
98,98,Senate,649
98,98,Senate,654
98,98,Senate,659
99,99,House,13
99,99,House,34
99,99,House,36
99,99,House,39
99,99,House,42
99,99,House,56
99,99,House,58
99,99,House,61
99,99,House,62
99,99,House,98
99,99,House,100
99,99,House,109
99,99,House,110
99,99,House,124
99,99,House,130
99,99,House,136
99,99,House,140
99,99,House,141
99,99,House,142
99,99,House,143
99,99,House,150
99,99,House,151
99,99,House,152
99,99,House,153
99,99,House,155
99,99,House,156
99,99,House,157
99,99,House,159
99,99,House,160
99,99,House,161
99,99,House,162
99,99,House,163
99,99,House,164
99,99,House,178
99,99,House,183
99,99,House,184
99,99,House,185
99,99,House,189
99,99,House,190
99,99,House,191
99,99,House,192
99,99,House,193
99,99,House,195
99,99,House,198
99,99,House,199
99,99,House,202
99,99,House,204
99,99,House,213
99,99,House,249
99,99,House,261
99,99,House,325
99,99,House,326
99,99,House,327
99,99,House,341
99,99,House,342
99,99,House,343
99,99,House,376
99,99,House,377
99,99,House,399
99,99,House,412
99,99,House,413
99,99,House,418
99,99,House,465
99,99,House,466
99,99,House,468
99,99,House,497
99,99,House,510
99,99,House,513
99,99,House,523
99,99,House,538
99,99,House,541
99,99,House,543
99,99,House,567
99,99,House,602
99,99,House,603
99,99,House,605
99,99,House,609
99,99,House,617
99,99,House,618
99,99,House,619
99,99,House,620
99,99,House,621
99,99,House,650
99,99,House,657
99,99,House,696
99,99,House,704
99,99,House,719
99,99,House,720
99,99,House,724
99,99,House,725
99,99,House,726
99,99,House,727
99,99,House,728
99,99,House,731
99,99,House,732
99,99,House,733
99,99,House,734
99,99,House,735
99,99,House,736
99,99,House,737
99,99,House,739
99,99,House,743
99,99,House,748
99,99,House,749
99,99,House,750
99,99,House,751
99,99,House,753
99,99,House,754
99,99,House,766
99,99,House,776
99,99,House,777
99,99,House,790
99,99,House,795
99,99,House,799
99,99,House,829
99,99,Senate,14
99,99,Senate,17
99,99,Senate,19
99,99,Senate,20
99,99,Senate,21
99,99,Senate,29
99,99,Senate,31
99,99,Senate,76
99,99,Senate,77
99,99,Senate,78
99,99,Senate,80
99,99,Senate,81
99,99,Senate,82
99,99,Senate,85
99,99,Senate,87
99,99,Senate,89
99,99,Senate,90
99,99,Senate,93
99,99,Senate,95
99,99,Senate,96
99,99,Senate,99
99,99,Senate,100
99,99,Senate,101
99,99,Senate,102
99,99,Senate,103
99,99,Senate,104
99,99,Senate,106
99,99,Senate,107
99,99,Senate,108
99,99,Senate,109
99,99,Senate,110
99,99,Senate,111
99,99,Senate,112
99,99,Senate,113
99,99,Senate,114
99,99,Senate,115
99,99,Senate,117
99,99,Senate,118
99,99,Senate,119
99,99,Senate,120
99,99,Senate,121
99,99,Senate,122
99,99,Senate,132
99,99,Senate,143
99,99,Senate,145
99,99,Senate,146
99,99,Senate,147
99,99,Senate,149
99,99,Senate,177
99,99,Senate,214
99,99,Senate,239
99,99,Senate,250
99,99,Senate,258
99,99,Senate,261
99,99,Senate,271
99,99,Senate,287
99,99,Senate,316
99,99,Senate,339
99,99,Senate,356
99,99,Senate,359
99,99,Senate,360
99,99,Senate,369
99,99,Senate,394
99,99,Senate,395
99,99,Senate,396
99,99,Senate,397
99,99,Senate,398
99,99,Senate,400
99,99,Senate,412
99,99,Senate,427
99,99,Senate,428
99,99,Senate,429
99,99,Senate,430
99,99,Senate,431
99,99,Senate,432
99,99,Senate,463
99,99,Senate,472
99,99,Senate,473
99,99,Senate,492
99,99,Senate,519
99,99,Senate,532
99,99,Senate,533
99,99,Senate,535
99,99,Senate,541
99,99,Senate,542
99,99,Senate,544
99,99,Senate,557
99,99,Senate,558
99,99,Senate,561
99,99,Senate,563
99,99,Senate,564
99,99,Senate,565
99,99,Senate,566
99,99,Senate,570
99,99,Senate,573
99,99,Senate,577
99,99,Senate,581
99,99,Senate,582
99,99,Senate,586
99,99,Senate,588
99,99,Senate,592
99,99,Senate,593
99,99,Senate,594
99,99,Senate,595
99,99,Senate,596
99,99,Senate,597
99,99,Senate,598
99,99,Senate,600
99,99,Senate,603
99,99,Senate,604
99,99,Senate,605
99,99,Senate,606
99,99,Senate,607
99,99,Senate,608
99,99,Senate,609
99,99,Senate,610
99,99,Senate,611
99,99,Senate,612
99,99,Senate,613
99,99,Senate,617
99,99,Senate,623
99,99,Senate,625
99,99,Senate,629
99,99,Senate,630
99,99,Senate,632
99,99,Senate,633
99,99,Senate,682
99,99,Senate,690
99,99,Senate,691
99,99,Senate,692
99,99,Senate,708
99,99,Senate,709
99,99,Senate,720
100,100,House,5
100,100,House,28
100,100,House,38
100,100,House,39
100,100,House,56
100,100,House,62
100,100,House,64
100,100,House,66
100,100,House,67
100,100,House,68
100,100,House,69
100,100,House,71
100,100,House,72
100,100,House,74
100,100,House,77
100,100,House,81
100,100,House,82
100,100,House,83
100,100,House,84
100,100,House,85
100,100,House,87
100,100,House,88
100,100,House,89
100,100,House,90
100,100,House,93
100,100,House,94
100,100,House,95
100,100,House,101
100,100,House,102
100,100,House,103
100,100,House,105
100,100,House,106
100,100,House,107
100,100,House,108
100,100,House,110
100,100,House,113
100,100,House,114
100,100,House,115
100,100,House,116
100,100,House,118
100,100,House,120
100,100,House,123
100,100,House,125
100,100,House,126
100,100,House,127
100,100,House,129
100,100,House,130
100,100,House,131
100,100,House,132
100,100,House,133
100,100,House,134
100,100,House,135
100,100,House,154
100,100,House,162
100,100,House,172
100,100,House,173
100,100,House,186
100,100,House,189
100,100,House,190
100,100,House,191
100,100,House,196
100,100,House,197
100,100,House,198
100,100,House,199
100,100,House,200
100,100,House,222
100,100,House,233
100,100,House,234
100,100,House,238
100,100,House,243
100,100,House,254
100,100,House,283
100,100,House,296
100,100,House,299
100,100,House,301
100,100,House,302
100,100,House,331
100,100,House,341
100,100,House,342
100,100,House,346
100,100,House,347
100,100,House,348
100,100,House,402
100,100,House,406
100,100,House,412
100,100,House,415
100,100,House,416
100,100,House,417
100,100,House,418
100,100,House,420
100,100,House,421
100,100,House,422
100,100,House,438
100,100,House,439
100,100,House,440
100,100,House,441
100,100,House,443
100,100,House,447
100,100,House,448
100,100,House,449
100,100,House,450
100,100,House,451
100,100,House,452
100,100,House,453
100,100,House,475
100,100,House,493
100,100,House,508
100,100,House,535
100,100,House,541
100,100,House,555
100,100,House,556
100,100,House,561
100,100,House,562
100,100,House,563
100,100,House,564
100,100,House,568
100,100,House,569
100,100,House,572
100,100,House,573
100,100,House,574
100,100,House,575
100,100,House,576
100,100,House,577
100,100,House,583
100,100,House,584
100,100,House,585
100,100,House,586
100,100,House,587
100,100,House,590
100,100,House,591
100,100,House,593
100,100,House,594
100,100,House,595
100,100,House,603
100,100,House,611
100,100,House,614
100,100,House,615
100,100,House,621
100,100,House,634
100,100,House,638
100,100,House,668
100,100,House,669
100,100,House,674
100,100,House,715
100,100,House,716
100,100,House,740
100,100,House,761
100,100,House,762
100,100,House,763
100,100,House,764
100,100,House,765
100,100,House,766
100,100,House,828
100,100,House,831
100,100,House,842
100,100,House,900
100,100,House,904
100,100,House,936
100,100,Senate,1
100,100,Senate,2
100,100,Senate,5
100,100,Senate,27
100,100,Senate,30
100,100,Senate,31
100,100,Senate,36
100,100,Senate,37
100,100,Senate,38
100,100,Senate,62
100,100,Senate,63
100,100,Senate,64
100,100,Senate,112
100,100,Senate,114
100,100,Senate,118
100,100,Senate,119
100,100,Senate,135
100,100,Senate,159
100,100,Senate,161
100,100,Senate,162
100,100,Senate,163
100,100,Senate,164
100,100,Senate,165
100,100,Senate,174
100,100,Senate,175
100,100,Senate,178
100,100,Senate,179
100,100,Senate,182
100,100,Senate,189
100,100,Senate,197
100,100,Senate,198
100,100,Senate,199
100,100,Senate,204
100,100,Senate,206
100,100,Senate,208
100,100,Senate,231
100,100,Senate,241
100,100,Senate,244
100,100,Senate,245
100,100,Senate,248
100,100,Senate,250
100,100,Senate,251
100,100,Senate,253
100,100,Senate,254
100,100,Senate,257
100,100,Senate,259
100,100,Senate,260
100,100,Senate,264
100,100,Senate,266
100,100,Senate,267
100,100,Senate,268
100,100,Senate,269
100,100,Senate,270
100,100,Senate,271
100,100,Senate,280
100,100,Senate,281
100,100,Senate,283
100,100,Senate,295
100,100,Senate,298
100,100,Senate,299
100,100,Senate,300
100,100,Senate,301
100,100,Senate,302
100,100,Senate,304
100,100,Senate,308
100,100,Senate,309
100,100,Senate,310
100,100,Senate,313
100,100,Senate,317
100,100,Senate,339
100,100,Senate,341
100,100,Senate,342
100,100,Senate,344
100,100,Senate,345
100,100,Senate,347
100,100,Senate,349
100,100,Senate,398
100,100,Senate,412
100,100,Senate,413
100,100,Senate,433
100,100,Senate,437
100,100,Senate,438
100,100,Senate,452
100,100,Senate,464
100,100,Senate,467
100,100,Senate,469
100,100,Senate,471
100,100,Senate,472
100,100,Senate,494
100,100,Senate,503
100,100,Senate,504
100,100,Senate,544
100,100,Senate,545
100,100,Senate,546
100,100,Senate,548
100,100,Senate,549
100,100,Senate,550
100,100,Senate,551
100,100,Senate,553
100,100,Senate,555
100,100,Senate,557
100,100,Senate,559
100,100,Senate,561
100,100,Senate,563
100,100,Senate,564
100,100,Senate,566
100,100,Senate,586
100,100,Senate,589
100,100,Senate,602
100,100,Senate,604
100,100,Senate,621
100,100,Senate,626
100,100,Senate,651
100,100,Senate,668
100,100,Senate,681
100,100,Senate,708
100,100,Senate,713
100,100,Senate,714
100,100,Senate,716
100,100,Senate,724
100,100,Senate,725
100,100,Senate,726
100,100,Senate,728
100,100,Senate,729
100,100,Senate,732
100,100,Senate,733
100,100,Senate,744
100,100,Senate,751
100,100,Senate,760
100,100,Senate,762
100,100,Senate,784
100,100,Senate,798
101,101,Senate,40
101,101,Senate,41
101,101,Senate,42
101,101,Senate,44
101,101,Senate,62
101,101,Senate,65
101,101,Senate,66
101,101,Senate,73
101,101,Senate,78
101,101,Senate,104
101,101,Senate,120
101,101,Senate,121
101,101,Senate,122
101,101,Senate,123
101,101,Senate,124
101,101,Senate,125
101,101,Senate,126
101,101,Senate,127
101,101,Senate,129
101,101,Senate,130
101,101,Senate,132
101,101,Senate,133
101,101,Senate,134
101,101,Senate,135
101,101,Senate,136
101,101,Senate,139
101,101,Senate,140
101,101,Senate,141
101,101,Senate,142
101,101,Senate,148
101,101,Senate,150
101,101,Senate,152
101,101,Senate,153
101,101,Senate,155
101,101,Senate,157
101,101,Senate,158
101,101,Senate,161
101,101,Senate,175
101,101,Senate,180
101,101,Senate,188
101,101,Senate,190
101,101,Senate,191
101,101,Senate,192
101,101,Senate,194
101,101,Senate,203
101,101,Senate,204
101,101,Senate,206
101,101,Senate,210
101,101,Senate,214
101,101,Senate,215
101,101,Senate,217
101,101,Senate,229
101,101,Senate,246
101,101,Senate,248
101,101,Senate,250
101,101,Senate,265
101,101,Senate,266
101,101,Senate,267
101,101,Senate,279
101,101,Senate,280
101,101,Senate,296
101,101,Senate,297
101,101,Senate,300
101,101,Senate,309
101,101,Senate,310
101,101,Senate,311
101,101,Senate,312
101,101,Senate,314
101,101,Senate,326
101,101,Senate,329
101,101,Senate,338
101,101,Senate,351
101,101,Senate,354
101,101,Senate,370
101,101,Senate,372
101,101,Senate,373
101,101,Senate,410
101,101,Senate,411
101,101,Senate,412
101,101,Senate,413
101,101,Senate,491
101,101,Senate,492
101,101,Senate,493
101,101,Senate,520
101,101,Senate,521
101,101,Senate,522
101,101,Senate,523
101,101,Senate,525
101,101,Senate,531
101,101,Senate,532
101,101,Senate,535
101,101,Senate,536
101,101,Senate,537
101,101,Senate,538
101,101,Senate,539
101,101,Senate,542
101,101,Senate,551
101,101,Senate,561
101,101,Senate,562
101,101,Senate,570
101,101,Senate,583
101,101,Senate,584
101,101,Senate,585
101,101,Senate,605
101,101,Senate,607
101,101,Senate,608
101,101,Senate,609
101,101,Senate,610
101,101,Senate,611
101,101,Senate,612
101,101,Senate,618
101,101,Senate,631
101,101,House,19
101,101,House,21
101,101,House,22
101,101,House,23
101,101,House,36
101,101,House,47
101,101,House,48
101,101,House,49
101,101,House,66
101,101,House,68
101,101,House,69
101,101,House,70
101,101,House,73
101,101,House,92
101,101,House,94
101,101,House,95
101,101,House,100
101,101,House,110
101,101,House,111
101,101,House,112
101,101,House,113
101,101,House,114
101,101,House,115
101,101,House,116
101,101,House,117
101,101,House,118
101,101,House,119
101,101,House,120
101,101,House,129
101,101,House,140
101,101,House,141
101,101,House,142
101,101,House,143
101,101,House,144
101,101,House,146
101,101,House,147
101,101,House,148
101,101,House,149
101,101,House,150
101,101,House,156
101,101,House,157
101,101,House,158
101,101,House,159
101,101,House,160
101,101,House,161
101,101,House,162
101,101,House,164
101,101,House,166
101,101,House,168
101,101,House,169
101,101,House,175
101,101,House,179
101,101,House,208
101,101,House,214
101,101,House,223
101,101,House,224
101,101,House,259
101,101,House,260
101,101,House,277
101,101,House,278
101,101,House,279
101,101,House,283
101,101,House,285
101,101,House,321
101,101,House,322
101,101,House,323
101,101,House,333
101,101,House,342
101,101,House,350
101,101,House,363
101,101,House,364
101,101,House,371
101,101,House,375
101,101,House,379
101,101,House,409
101,101,House,430
101,101,House,438
101,101,House,439
101,101,House,467
101,101,House,484
101,101,House,518
101,101,House,560
101,101,House,561
101,101,House,634
101,101,House,636
101,101,House,654
101,101,House,702
101,101,House,721
101,101,House,741
101,101,House,742
101,101,House,743
101,101,House,778
101,101,House,800
101,101,House,826
101,101,House,854
76,76,House,10
76,76,House,11
76,76,House,12
76,76,House,13
76,76,House,40
76,76,House,49
76,76,House,50
76,76,House,62
76,76,House,70
76,76,House,71
76,76,House,72
76,76,House,89
76,76,House,90
76,76,House,91
76,76,House,92
76,76,House,93
76,76,House,115
76,76,House,127
76,76,House,158
76,76,House,162
76,76,House,163
76,76,House,177
76,76,House,193
76,76,House,194
76,76,House,201
76,76,House,203
76,76,House,204
76,76,House,210
76,76,House,211
76,76,House,212
76,76,House,213
76,76,House,215
76,76,House,216
76,76,Senate,6
76,76,Senate,7
76,76,Senate,15
76,76,Senate,16
76,76,Senate,17
76,76,Senate,27
76,76,Senate,36
76,76,Senate,68
76,76,Senate,95
76,76,Senate,96
76,76,Senate,97
76,76,Senate,98
76,76,Senate,99
76,76,Senate,100
76,76,Senate,101
76,76,Senate,103
76,76,Senate,104
76,76,Senate,105
76,76,Senate,106
76,76,Senate,107
76,76,Senate,108
76,76,Senate,109
76,76,Senate,110
76,76,Senate,111
76,76,Senate,112
76,76,Senate,124
76,76,Senate,125
76,76,Senate,157
76,76,Senate,158
76,76,Senate,159
76,76,Senate,160
76,76,Senate,163
76,76,Senate,164
76,76,Senate,165
76,76,Senate,166
76,76,Senate,167
76,76,Senate,169
76,76,Senate,170
76,76,Senate,177
76,76,Senate,178
76,76,Senate,189
76,76,Senate,190
76,76,Senate,191
76,76,Senate,192
76,76,Senate,193
76,76,Senate,194
76,76,Senate,199
76,76,Senate,200
76,76,Senate,203
76,76,Senate,226
76,76,Senate,227
76,76,Senate,228
76,76,Senate,230
76,76,Senate,231
76,76,Senate,233
76,76,Senate,234
76,76,Senate,235
76,76,Senate,236
76,76,Senate,237
76,76,Senate,238
76,76,Senate,239
76,76,Senate,241
76,76,Senate,242
76,76,Senate,251
77,77,House,2
77,77,House,5
77,77,House,6
77,77,House,12
77,77,House,14
77,77,House,15
77,77,House,16
77,77,House,25
77,77,House,26
77,77,House,35
77,77,House,36
77,77,House,50
77,77,House,51
77,77,House,52
77,77,House,53
77,77,House,60
77,77,House,62
77,77,House,63
77,77,House,66
77,77,House,67
77,77,House,68
77,77,House,70
77,77,House,73
77,77,House,75
77,77,House,76
77,77.5,House,77
77,77.5,House,78
77,77.5,House,79
77,77.5,House,87
77,77.5,House,88
77,77.5,House,91
77,77.5,House,95
77,77.5,House,100
77,77.5,House,101
77,77.5,House,111
77,77.5,House,115
77,77.5,House,116
77,77.5,House,117
77,77.5,House,127
77,77.5,House,129
77,77.5,House,151
77,77,Senate,2
77,77,Senate,3
77,77,Senate,4
77,77,Senate,5
77,77,Senate,6
77,77,Senate,8
77,77,Senate,10
77,77,Senate,11
77,77,Senate,12
77,77,Senate,13
77,77,Senate,14
77,77,Senate,15
77,77,Senate,16
77,77,Senate,18
77,77,Senate,19
77,77,Senate,21
77,77,Senate,31
77,77,Senate,32
77,77,Senate,42
77,77,Senate,44
77,77,Senate,55
77,77,Senate,59
77,77,Senate,60
77,77,Senate,64
77,77,Senate,65
77,77,Senate,83
77,77,Senate,84
77,77.5,Senate,85
77,77.5,Senate,87
77,77.5,Senate,88
77,77.5,Senate,89
77,77.5,Senate,97
77,77.5,Senate,98
77,77.5,Senate,114
77,77.5,Senate,122
77,77.5,Senate,128
77,77.5,Senate,138
77,77.5,Senate,139
77,77.5,Senate,140
77,77.5,Senate,177
77,77.5,Senate,179
77,77.5,Senate,181
78,78,House,8
78,78,House,11
78,78,House,12
78,78,House,20
78,78,House,37
78,78,House,39
78,78,House,43
78,78,House,56
78,78,House,78
78,78,House,82
78,78,House,93
78,78,House,94
78,78,House,95
78,78,House,113
78,78,House,115
78,78,House,117
78,78,House,123
78,78,House,125
78,78,House,126
78,78,House,134
78,78,Senate,17
78,78,Senate,18
78,78,Senate,23
78,78,Senate,39
78,78,Senate,40
78,78,Senate,41
78,78,Senate,42
78,78,Senate,43
78,78,Senate,44
78,78,Senate,71
78,78,Senate,72
78,78,Senate,93
78,78,Senate,94
78,78,Senate,95
78,78,Senate,96
78,78,Senate,100
78,78,Senate,101
78,78,Senate,117
78,78,Senate,156
78,78,Senate,162
78,78,Senate,163
78,78,Senate,164
78,78,Senate,175
75,75,House,2
75,75,House,12
75,75,House,15
75,75,House,18
75,75,House,19
75,75,House,60
75,75,House,75
75,75,House,98
75,75,House,106
75,75,House,114
75,75,House,115
75,75,Senate,1
75,75,Senate,16
75,75,Senate,18
75,75,Senate,19
75,75,Senate,127
75,75,Senate,128
75,75,Senate,129
75,75,Senate,130
75,75,Senate,147
75,75,Senate,148
102,102,House,6
102,102,House,7
102,102,House,8
102,102,House,9
102,102,House,10
102,102,House,14
102,102,House,25
102,102,House,28
102,102,House,34
102,102,House,43
102,102,House,44
102,102,House,45
102,102,House,46
102,102,House,56
102,102,House,60
102,102,House,81
102,102,House,90
102,102,House,91
102,102,House,116
102,102,House,139
102,102,House,174
102,102,House,175
102,102,House,179
102,102,House,196
102,102,House,198
102,102,House,221
102,102,House,228
102,102,House,250
102,102,House,275
102,102,House,316
102,102,House,340
102,102,House,341
102,102,House,385
102,102,House,394
102,102,House,395
102,102,House,396
102,102,House,420
102,102,House,421
102,102,House,422
102,102,House,703
102,102,House,865
102,102,House,875
102,102,House,876
102,102,House,883
102,102,House,896
102,102,Senate,2
102,102,Senate,3
102,102,Senate,6
102,102,Senate,8
102,102,Senate,17
102,102,Senate,27
102,102,Senate,28
102,102,Senate,29
102,102,Senate,31
102,102,Senate,36
102,102,Senate,49
102,102,Senate,50
102,102,Senate,61
102,102,Senate,62
102,102,Senate,142
102,102,Senate,143
102,102,Senate,147
102,102,Senate,148
102,102,Senate,149
102,102,Senate,150
102,102,Senate,151
102,102,Senate,152
102,102,Senate,153
102,102,Senate,157
102,102,Senate,168
102,102,Senate,169
102,102,Senate,170
102,102,Senate,171
102,102,Senate,172
102,102,Senate,173
102,102,Senate,174
102,102,Senate,176
102,102,Senate,178
102,102,Senate,192
102,102,Senate,209
102,102,Senate,211
102,102,Senate,217
102,102,Senate,225
102,102,Senate,274
102,102,Senate,275
102,102,Senate,276
102,102.5,Senate,291
102,102.5,Senate,311
102,102.5,Senate,332
102,102.5,Senate,343
102,102.5,Senate,347
102,102.5,Senate,349
102,102.5,Senate,350
102,102.5,Senate,353
102,102.5,Senate,384
102,102.5,Senate,418
102,102.5,Senate,420
102,102.5,Senate,422
102,102.5,Senate,423
102,102.5,Senate,427
102,102.5,Senate,428
102,102.5,Senate,462
102,102.5,Senate,464
102,102.5,Senate,465
102,102.5,Senate,466
102,102.5,Senate,496
102,102.5,Senate,497
102,102.5,Senate,503
102,102.5,Senate,509
102,102.5,Senate,532
102,102.5,Senate,535
102,102.5,Senate,536
74,74,House,33
74,74,House,35
74,74,House,36
74,74,House,40
74,74,House,48
74,74,House,49
74,74,House,56
74,74,House,57
74,74,House,94
74,74,House,102
74,74,House,103
74,74,House,104
74,74,House,140
74,74,House,141
74,74,House,182
74,74,Senate,2
74,74,Senate,3
74,74,Senate,4
74,74,Senate,5
74,74,Senate,6
74,74,Senate,7
74,74,Senate,9
74,74,Senate,17
74,74,Senate,18
74,74,Senate,19
74,74,Senate,22
74,74,Senate,67
74,74,Senate,70
74,74,Senate,100
74,74,Senate,129
74,74,Senate,146
74,74,Senate,159
74,74,Senate,169
